{
    "audio": {
        "config": {
            "sampling_rate": 96000,
            "n_channels": 2,
            "channels_of_interest": [],
            "signal": "FMCW",
            "tx_file": [
                "WAVfmcw20000_b9000_l600.wav",
                "WAVfmcw31000_b9000_l600.wav"
            ],
            "frame_length": 600,
            "sample_depth": 16,
            "bandpass_range": [
                [
                    20000,
                    29000
                ],
                [
                    31000,
                    40000
                ]
            ]
        },
        "files": [
            "audio000.raw"
        ],
        "syncing_poses": [
            4535
        ]
    },
    "ground_truth": {
        "files": [
            "record_20250420_151910_752866_records.txt"
        ],
        "videos": [
            "record_20250420_151910_752866.mp4"
        ],
        "syncing_poses": [
            155
        ]
    },
    "sessions": [
        [
            {
                "start": 1745176760.768878,
                "duration": 48.165555000305176
            }
        ]
    ]
}